{
  "14": {
    "train_acc": 1.0,
    "test_acc": 1.0,
    "lr_axis_norm": 0.18278190951211132
  },
  "22": {
    "train_acc": 1.0,
    "test_acc": 1.0,
    "lr_axis_norm": 0.06951312832394159
  },
  "26": {
    "train_acc": 1.0,
    "test_acc": 1.0,
    "lr_axis_norm": 0.05665068680522468
  }
}