{
  "14": {
    "train_acc": 1.0,
    "test_acc": 1.0,
    "lr_axis_norm": 0.12928030900225693
  },
  "22": {
    "train_acc": 1.0,
    "test_acc": 0.9166666666666666,
    "lr_axis_norm": 0.04792371873134658
  },
  "26": {
    "train_acc": 1.0,
    "test_acc": 0.3333333333333333,
    "lr_axis_norm": 0.040487744769671194
  }
}