{
  "strengths_by_layer": {
    "17": [
      1638.4,
      3276.8
    ],
    "23": [
      1881.6000000000001,
      3763.2000000000003
    ]
  },
  "fractions": [
    0.05,
    0.1
  ]
}