{
  "L10H0": 0.0,
  "L10H1": 0.0,
  "L10H2": 0.0,
  "L10H3": 0.03333333333333333,
  "L10H4": 0.0,
  "L10H5": 0.0,
  "L10H6": 0.0,
  "L10H7": 0.0,
  "L14H0": 0.0,
  "L14H1": 0.0,
  "L14H2": 0.0,
  "L14H3": 0.0,
  "L14H4": 0.0,
  "L14H5": 0.0,
  "L14H6": 0.0,
  "L14H7": 0.0,
  "L17H0": 0.03333333333333333,
  "L17H1": 0.0,
  "L17H2": 0.0,
  "L17H3": 0.0,
  "L17H4": 0.0,
  "L17H5": 0.0,
  "L17H6": 0.0,
  "L17H7": 0.0,
  "L22H0": 0.0,
  "L22H1": 0.0,
  "L22H2": 0.0,
  "L22H3": 0.03333333333333333,
  "L22H4": 0.0,
  "L22H5": 0.1,
  "L22H6": 0.03333333333333333,
  "L22H7": 0.03333333333333333,
  "L26H0": 0.03333333333333333,
  "L26H1": 0.03333333333333333,
  "L26H2": 0.06666666666666667,
  "L26H3": 0.06666666666666667,
  "L26H4": 0.03333333333333333,
  "L26H5": 0.0,
  "L26H6": 0.03333333333333333,
  "L26H7": 0.03333333333333333,
  "L30H0": 0.0,
  "L30H1": 0.0,
  "L30H2": 0.0,
  "L30H3": 0.0,
  "L30H4": 0.0,
  "L30H5": 0.0,
  "L30H6": 0.0,
  "L30H7": 0.0
}