{
  "25": {
    "train_acc": 1.0,
    "test_acc": 1.0,
    "lr_axis_norm": 0.22649238039338132
  },
  "40": {
    "train_acc": 1.0,
    "test_acc": 1.0,
    "lr_axis_norm": 0.08592446853601882
  },
  "47": {
    "train_acc": 1.0,
    "test_acc": 0.9916666666666667,
    "lr_axis_norm": 0.05899571482533568
  }
}